payment_batch_line_id,payment_batch_id,transaction_date,market_code,channel_type,customer_name,customer_number,item_description,line_total,payment_batch_total,invoice_ref,reservation_ref,acquirer_reference,primary_reference,reference_parse_status,receipt_line_id,receipt_ref,receipt_date,receipt_channel,receipt_status,receipt_exception_type,reference_resolution_method,match_rule,receipt_amount,variance_amount,match_status,workflow_queue,reconciliation_target,review_reason
pb004_line001,payment_batch_004,2026-03-28,GB,CARD_PRESENT,Portfolio Customer,CU001063,RES 1200001063 INV 100660001063 payment evidence,102.95,3056.55,100660001063,1200001063,,100660001063,PARSED,receipt_ref_006_line001,receipt_ref_006,2026-03-28,CARD_PRESENT,Accepted,STANDARD_PAYMENT,ACQUIRER_REFERENCE,INVOICE,102.95,,MATCH,READY,receipt_ref_006,
pb004_line005,payment_batch_004,2026-03-28,GB,CARD_PRESENT,Portfolio Customer,CU001067,RES 1200001067 INV 100660001067 payment evidence,102.95,3056.55,100660001067,1200001067,,100660001067,PARSED,receipt_ref_006_line005,receipt_ref_006,2026-03-28,CARD_PRESENT,Accepted,STANDARD_PAYMENT,ACQUIRER_REFERENCE,INVOICE,102.95,,MATCH,READY,receipt_ref_006,
pb004_line009,payment_batch_004,2026-03-28,GB,CARD_PRESENT,Portfolio Customer,CU001071,RES 1200001071 INV 100660001071 payment evidence,102.95,3056.55,100660001071,1200001071,,100660001071,PARSED,receipt_ref_006_line009,receipt_ref_006,2026-03-28,CARD_PRESENT,Accepted,STANDARD_PAYMENT,ACQUIRER_REFERENCE,INVOICE,102.95,,MATCH,READY,receipt_ref_006,
pb004_line004,payment_batch_004,2026-03-28,GB,CARD_PRESENT,Portfolio Customer,CU001066,RES 1200001066 INV 100660001066 payment evidence,454.80,3056.55,100660001066,1200001066,,100660001066,PARSED,receipt_ref_006_line004,receipt_ref_006,2026-03-28,CARD_PRESENT,Accepted,STANDARD_PAYMENT,ACQUIRER_REFERENCE,INVOICE,454.80,,MATCH,READY,receipt_ref_006,
pb004_line008,payment_batch_004,2026-03-28,GB,CARD_PRESENT,Portfolio Customer,CU001070,RES 1200001070 INV 100660001070 payment evidence,454.80,3056.55,100660001070,1200001070,,100660001070,PARSED,receipt_ref_006_line008,receipt_ref_006,2026-03-28,CARD_PRESENT,Accepted,STANDARD_PAYMENT,ACQUIRER_REFERENCE,INVOICE,454.80,,MATCH,READY,receipt_ref_006,
pb004_line012,payment_batch_004,2026-03-28,GB,CARD_PRESENT,Portfolio Customer,CU001074,RES 1200001074 INV 100660001074 payment evidence,454.80,3056.55,100660001074,1200001074,,100660001074,PARSED,receipt_ref_006_line012,receipt_ref_006,2026-03-28,CARD_PRESENT,Accepted,STANDARD_PAYMENT,ACQUIRER_REFERENCE,INVOICE,454.80,,MATCH,READY,receipt_ref_006,
pb004_line003,payment_batch_004,2026-03-28,GB,CARD_PRESENT,Portfolio Customer,CU001065,RES 1200001065 INV 100660001065 payment evidence,290.35,3056.55,100660001065,1200001065,,100660001065,PARSED,receipt_ref_006_line003,receipt_ref_006,2026-03-28,CARD_PRESENT,Accepted,STANDARD_PAYMENT,ACQUIRER_REFERENCE,INVOICE,290.35,,MATCH,READY,receipt_ref_006,
pb004_line007,payment_batch_004,2026-03-28,GB,CARD_PRESENT,Portfolio Customer,CU001069,RES 1200001069 INV 100660001069 payment evidence,290.35,3056.55,100660001069,1200001069,,100660001069,PARSED,receipt_ref_006_line007,receipt_ref_006,2026-03-28,CARD_PRESENT,Accepted,STANDARD_PAYMENT,ACQUIRER_REFERENCE,INVOICE,290.35,,MATCH,READY,receipt_ref_006,
pb004_line011,payment_batch_004,2026-03-28,GB,CARD_PRESENT,Portfolio Customer,CU001073,RES 1200001073 INV 100660001073 payment evidence,290.35,3056.55,100660001073,1200001073,,100660001073,PARSED,receipt_ref_006_line011,receipt_ref_006,2026-03-28,CARD_PRESENT,Accepted,STANDARD_PAYMENT,ACQUIRER_REFERENCE,INVOICE,290.35,,MATCH,READY,receipt_ref_006,
pb004_line002,payment_batch_004,2026-03-28,GB,CARD_PRESENT,Portfolio Customer,CU001064,RES 1200001064 INV 100660001064 payment evidence,170.75,3056.55,100660001064,1200001064,,100660001064,PARSED,receipt_ref_006_line002,receipt_ref_006,2026-03-28,CARD_PRESENT,Accepted,STANDARD_PAYMENT,ACQUIRER_REFERENCE,INVOICE,170.75,,MATCH,READY,receipt_ref_006,
pb004_line006,payment_batch_004,2026-03-28,GB,CARD_PRESENT,Portfolio Customer,CU001068,RES 1200001068 INV 100660001068 payment evidence,170.75,3056.55,100660001068,1200001068,,100660001068,PARSED,receipt_ref_006_line006,receipt_ref_006,2026-03-28,CARD_PRESENT,Accepted,STANDARD_PAYMENT,ACQUIRER_REFERENCE,INVOICE,170.75,,MATCH,READY,receipt_ref_006,
pb004_line010,payment_batch_004,2026-03-28,GB,CARD_PRESENT,Portfolio Customer,CU001072,RES 1200001072 INV 100660001072 payment evidence,170.75,3056.55,100660001072,1200001072,,100660001072,PARSED,receipt_ref_006_line010,receipt_ref_006,2026-03-28,CARD_PRESENT,Accepted,STANDARD_PAYMENT,ACQUIRER_REFERENCE,INVOICE,170.75,,MATCH,READY,receipt_ref_006,
pb003_line004,payment_batch_003,2026-03-24,DE,CARD_PRESENT,Portfolio Customer,CU001051,RES 1200001051 INV 100660001051 payment evidence,519.25,4310.15,100660001051,1200001051,,100660001051,PARSED,receipt_ref_004_line004,receipt_ref_004,2026-03-24,CARD_PRESENT,Accepted,STANDARD_PAYMENT,ACQUIRER_REFERENCE,INVOICE,519.25,,MATCH,READY,receipt_ref_004,
pb003_line008,payment_batch_003,2026-03-24,DE,CARD_PRESENT,Portfolio Customer,CU001055,RES 1200001055 INV 100660001055 payment evidence,519.25,4310.15,100660001055,1200001055,,100660001055,PARSED,receipt_ref_004_line008,receipt_ref_004,2026-03-24,CARD_PRESENT,Accepted,STANDARD_PAYMENT,ACQUIRER_REFERENCE,INVOICE,519.25,,MATCH,READY,receipt_ref_004,
pb003_line012,payment_batch_003,2026-03-24,DE,CARD_PRESENT,Portfolio Customer,CU001059,RES 1200001059 INV 100660001059 payment evidence,519.25,4310.15,100660001059,1200001059,,100660001059,PARSED,receipt_ref_005_line002,receipt_ref_005,2026-03-24,CARD_PRESENT,Accepted,STANDARD_PAYMENT,ACQUIRER_REFERENCE,INVOICE,519.25,,MATCH,READY,receipt_ref_005,
pb003_line003,payment_batch_003,2026-03-24,DE,CARD_PRESENT,Portfolio Customer,CU001050,RES 1200001050 INV 100660001050 payment evidence,330.60,4310.15,100660001050,1200001050,,100660001050,PARSED,receipt_ref_004_line003,receipt_ref_004,2026-03-24,CARD_PRESENT,Accepted,STANDARD_PAYMENT,ACQUIRER_REFERENCE,INVOICE,330.60,,MATCH,READY,receipt_ref_004,
pb003_line007,payment_batch_003,2026-03-24,DE,CARD_PRESENT,Portfolio Customer,CU001054,RES 1200001054 INV 100660001054 payment evidence,330.60,4310.15,100660001054,1200001054,,100660001054,PARSED,receipt_ref_004_line007,receipt_ref_004,2026-03-24,CARD_PRESENT,Accepted,STANDARD_PAYMENT,ACQUIRER_REFERENCE,INVOICE,330.60,,MATCH,READY,receipt_ref_004,
pb003_line011,payment_batch_003,2026-03-24,DE,CARD_PRESENT,Portfolio Customer,CU001058,RES 1200001058 INV 100660001058 payment evidence,330.60,4310.15,100660001058,1200001058,,100660001058,PARSED,receipt_ref_005_line001,receipt_ref_005,2026-03-24,CARD_PRESENT,Accepted,STANDARD_PAYMENT,ACQUIRER_REFERENCE,INVOICE,330.60,,MATCH,READY,receipt_ref_005,
pb003_line015,payment_batch_003,2026-03-24,DE,CARD_PRESENT,Portfolio Customer,CU001062,RES 1200001062 INV 100660001062 payment evidence,330.60,4310.15,100660001062,1200001062,,100660001062,PARSED,receipt_ref_005_line005,receipt_ref_005,2026-03-24,CARD_PRESENT,Accepted,STANDARD_PAYMENT,ACQUIRER_REFERENCE,INVOICE,330.60,,MATCH,READY,receipt_ref_005,
pb003_line001,payment_batch_003,2026-03-24,DE,CARD_PRESENT,Portfolio Customer,CU001048,RES 1200001048 INV 100660001048 payment evidence,134.40,4310.15,100660001048,1200001048,,100660001048,PARSED,receipt_ref_004_line001,receipt_ref_004,2026-03-24,CARD_PRESENT,Accepted,STANDARD_PAYMENT,ACQUIRER_REFERENCE,INVOICE,134.40,,MATCH,READY,receipt_ref_004,
pb003_line005,payment_batch_003,2026-03-24,DE,CARD_PRESENT,Portfolio Customer,CU001052,RES 1200001052 INV 100660001052 payment evidence,134.40,4310.15,100660001052,1200001052,,100660001052,PARSED,receipt_ref_004_line005,receipt_ref_004,2026-03-24,CARD_PRESENT,Accepted,STANDARD_PAYMENT,ACQUIRER_REFERENCE,INVOICE,134.40,,MATCH,READY,receipt_ref_004,
pb003_line009,payment_batch_003,2026-03-24,DE,CARD_PRESENT,Portfolio Customer,CU001056,RES 1200001056 INV 100660001056 payment evidence,134.40,4310.15,100660001056,1200001056,,100660001056,PARSED,receipt_ref_004_line009,receipt_ref_004,2026-03-24,CARD_PRESENT,Accepted,STANDARD_PAYMENT,ACQUIRER_REFERENCE,INVOICE,134.40,,MATCH,READY,receipt_ref_004,
pb003_line013,payment_batch_003,2026-03-24,DE,CARD_PRESENT,Portfolio Customer,CU001060,RES 1200001060 INV 100660001060 payment evidence,134.40,4310.15,100660001060,1200001060,,100660001060,PARSED,receipt_ref_005_line003,receipt_ref_005,2026-03-24,CARD_PRESENT,Accepted,STANDARD_PAYMENT,ACQUIRER_REFERENCE,INVOICE,134.40,,MATCH,READY,receipt_ref_005,
pb003_line002,payment_batch_003,2026-03-24,DE,CARD_PRESENT,Portfolio Customer,CU001049,RES 1200001049 INV 100660001049 payment evidence,223.10,4310.15,100660001049,1200001049,,100660001049,PARSED,receipt_ref_004_line002,receipt_ref_004,2026-03-24,CARD_PRESENT,Accepted,STANDARD_PAYMENT,ACQUIRER_REFERENCE,INVOICE,223.10,,MATCH,READY,receipt_ref_004,
pb003_line006,payment_batch_003,2026-03-24,DE,CARD_PRESENT,Portfolio Customer,CU001053,RES 1200001053 INV 100660001053 payment evidence,223.10,4310.15,100660001053,1200001053,,100660001053,PARSED,receipt_ref_004_line006,receipt_ref_004,2026-03-24,CARD_PRESENT,Accepted,STANDARD_PAYMENT,ACQUIRER_REFERENCE,INVOICE,223.10,,MATCH,READY,receipt_ref_004,
pb003_line010,payment_batch_003,2026-03-24,DE,CARD_PRESENT,Portfolio Customer,CU001057,RES 1200001057 INV 100660001057 payment evidence,223.10,4310.15,100660001057,1200001057,,100660001057,PARSED,receipt_ref_004_line010,receipt_ref_004,2026-03-24,CARD_PRESENT,Rejected,REJECTED_CARD_TRANSACTION,ACQUIRER_REFERENCE,INVOICE,223.10,,REJECTED,REJECTED,receipt_ref_004,REJECTED_CARD_TRANSACTION
pb003_line014,payment_batch_003,2026-03-24,DE,CARD_PRESENT,Portfolio Customer,CU001061,RES 1200001061 INV 100660001061 payment evidence,223.10,4310.15,100660001061,1200001061,,100660001061,PARSED,receipt_ref_005_line004,receipt_ref_005,2026-03-24,CARD_PRESENT,Accepted,STANDARD_PAYMENT,ACQUIRER_REFERENCE,INVOICE,223.10,,MATCH,READY,receipt_ref_005,
pb001_line003,payment_batch_001,2026-04-26,GB,E_COMMERCE,Portfolio Customer,CU001003,RES 1200001003 INV 100660001003 payment evidence,448.80,6057.85,100660001003,1200001003,,100660001003,PARSED,receipt_ref_001_line003,receipt_ref_001,2026-04-28,E_COMMERCE,Accepted,STANDARD_PAYMENT,GATEWAY_MAPPING,GATEWAY_TOKEN_RESOLUTION,448.80,,MATCH,READY,receipt_ref_001,
pb001_line005,payment_batch_001,2026-04-26,GB,E_COMMERCE,Portfolio Customer,CU001005,RES 1200001005 INV 100660001005 payment evidence,160.75,6057.85,100660001005,1200001005,,100660001005,PARSED,receipt_ref_001_line005,receipt_ref_001,2026-04-28,E_COMMERCE,Accepted,STANDARD_PAYMENT,GATEWAY_MAPPING,GATEWAY_TOKEN_RESOLUTION,160.75,,MATCH,READY,receipt_ref_001,
pb001_line011,payment_batch_001,2026-04-26,GB,E_COMMERCE,Portfolio Customer,CU001011,RES 1200001011 INV 100660001011 payment evidence,448.80,6057.85,100660001011,1200001011,,100660001011,PARSED,receipt_ref_001_line011,receipt_ref_001,2026-04-28,E_COMMERCE,Accepted,STANDARD_PAYMENT,GATEWAY_MAPPING,GATEWAY_TOKEN_RESOLUTION,448.80,,MATCH,READY,receipt_ref_001,
pb001_line015,payment_batch_001,2026-04-26,GB,E_COMMERCE,Portfolio Customer,CU001015,RES 1200001015 INV 100660001015 payment evidence,448.80,6057.85,100660001015,1200001015,,100660001015,PARSED,receipt_ref_002_line002,receipt_ref_002,2026-04-27,E_COMMERCE,Accepted,STANDARD_PAYMENT,GATEWAY_MAPPING,GATEWAY_TOKEN_RESOLUTION,448.80,,MATCH,READY,receipt_ref_002,
pb001_line019,payment_batch_001,2026-04-26,GB,E_COMMERCE,Portfolio Customer,CU001019,RES 1200001019 INV 100660001019 payment evidence,448.80,6057.85,100660001019,1200001019,,100660001019,PARSED,receipt_ref_002_line006,receipt_ref_002,2026-04-27,E_COMMERCE,Accepted,STANDARD_PAYMENT,GATEWAY_MAPPING,GATEWAY_TOKEN_RESOLUTION,448.80,,MATCH,READY,receipt_ref_002,
pb001_line023,payment_batch_001,2026-04-26,GB,E_COMMERCE,Portfolio Customer,CU001023,RES 1200001023 INV 100660001023 payment evidence,448.80,6057.85,100660001023,1200001023,,100660001023,PARSED,receipt_ref_002_line010,receipt_ref_002,2026-04-27,E_COMMERCE,Accepted,STANDARD_PAYMENT,GATEWAY_MAPPING,GATEWAY_TOKEN_RESOLUTION,448.80,,MATCH,READY,receipt_ref_002,
pb001_line001,payment_batch_001,2026-04-26,GB,E_COMMERCE,Portfolio Customer,CU001001,RES 1200001001 INV 100660001001 payment evidence,160.75,6057.85,100660001001,1200001001,,100660001001,PARSED,receipt_ref_001_line001,receipt_ref_001,2026-04-28,E_COMMERCE,Accepted,STANDARD_PAYMENT,GATEWAY_MAPPING,GATEWAY_TOKEN_RESOLUTION,160.75,,MATCH,READY,receipt_ref_001,
pb001_line025,payment_batch_001,2026-04-26,GB,E_COMMERCE,Portfolio Customer,CU001025,RES 1200001025 INV 100660001025 payment evidence,160.75,6057.85,100660001025,1200001025,,100660001025,PARSED,receipt_ref_002_line012,receipt_ref_002,2026-04-27,E_COMMERCE,Accepted,STANDARD_PAYMENT,GATEWAY_MAPPING,GATEWAY_TOKEN_RESOLUTION,160.75,,MATCH,READY,receipt_ref_002,
pb001_line021,payment_batch_001,2026-04-26,GB,E_COMMERCE,Portfolio Customer,CU001021,RES 1200001021 INV 100660001021 payment evidence,160.75,6057.85,100660001021,1200001021,,100660001021,PARSED,receipt_ref_002_line008,receipt_ref_002,2026-04-27,E_COMMERCE,Accepted,STANDARD_PAYMENT,GATEWAY_MAPPING,GATEWAY_TOKEN_RESOLUTION,160.75,,MATCH,READY,receipt_ref_002,
pb001_line002,payment_batch_001,2026-04-26,GB,E_COMMERCE,Portfolio Customer,CU001002,RES 1200001002 INV 100660001002 payment evidence,280.35,6057.85,100660001002,1200001002,,100660001002,PARSED,receipt_ref_001_line002,receipt_ref_001,2026-04-28,E_COMMERCE,Accepted,STANDARD_PAYMENT,GATEWAY_MAPPING,GATEWAY_TOKEN_RESOLUTION,280.35,,MATCH,READY,receipt_ref_001,
pb001_line007,payment_batch_001,2026-04-26,GB,E_COMMERCE,Portfolio Customer,CU001007,RES 1200001007 INV 100660001007 payment evidence,448.80,6057.85,100660001007,1200001007,,100660001007,PARSED,receipt_ref_001_line007,receipt_ref_001,2026-04-28,E_COMMERCE,Accepted,STANDARD_PAYMENT,GATEWAY_MAPPING,GATEWAY_TOKEN_RESOLUTION,448.80,,MATCH,READY,receipt_ref_001,
pb001_line010,payment_batch_001,2026-04-26,GB,E_COMMERCE,Portfolio Customer,CU001010,RES 1200001010 INV 100660001010 payment evidence,280.35,6057.85,100660001010,1200001010,,100660001010,PARSED,receipt_ref_001_line010,receipt_ref_001,2026-04-28,E_COMMERCE,Accepted,STANDARD_PAYMENT,GATEWAY_MAPPING,GATEWAY_TOKEN_RESOLUTION,280.35,,MATCH,READY,receipt_ref_001,
pb001_line014,payment_batch_001,2026-04-26,GB,E_COMMERCE,Portfolio Customer,CU001014,RES 1200001014 INV 100660001014 payment evidence,280.35,6057.85,100660001014,1200001014,,100660001014,PARSED,receipt_ref_002_line001,receipt_ref_002,2026-04-27,E_COMMERCE,Accepted,STANDARD_PAYMENT,GATEWAY_MAPPING,GATEWAY_TOKEN_RESOLUTION,280.35,,MATCH,READY,receipt_ref_002,
pb001_line018,payment_batch_001,2026-04-26,GB,E_COMMERCE,Portfolio Customer,CU001018,RES 1200001018 INV 100660001018 payment evidence,280.35,6057.85,100660001018,1200001018,,100660001018,PARSED,receipt_ref_002_line005,receipt_ref_002,2026-04-27,E_COMMERCE,Accepted,STANDARD_PAYMENT,GATEWAY_MAPPING,GATEWAY_TOKEN_RESOLUTION,280.35,,MATCH,READY,receipt_ref_002,
pb001_line022,payment_batch_001,2026-04-26,GB,E_COMMERCE,Portfolio Customer,CU001022,RES 1200001022 INV 100660001022 payment evidence,280.35,6057.85,100660001022,1200001022,,100660001022,PARSED,receipt_ref_002_line009,receipt_ref_002,2026-04-27,E_COMMERCE,Accepted,STANDARD_PAYMENT,GATEWAY_MAPPING,GATEWAY_TOKEN_RESOLUTION,280.35,,MATCH,READY,receipt_ref_002,
pb001_line017,payment_batch_001,2026-04-26,GB,E_COMMERCE,Portfolio Customer,CU001017,RES 1200001017 INV 100660001017 payment evidence,160.75,6057.85,100660001017,1200001017,,100660001017,PARSED,receipt_ref_002_line004,receipt_ref_002,2026-04-27,E_COMMERCE,Accepted,STANDARD_PAYMENT,GATEWAY_MAPPING,GATEWAY_TOKEN_RESOLUTION,160.75,,MATCH,READY,receipt_ref_002,
pb001_line013,payment_batch_001,2026-04-26,GB,E_COMMERCE,Portfolio Customer,CU001013,RES 1200001013 INV 100660001013 payment evidence,160.75,6057.85,100660001013,1200001013,,100660001013,PARSED,receipt_ref_001_line013,receipt_ref_001,2026-04-28,E_COMMERCE,Accepted,STANDARD_PAYMENT,GATEWAY_MAPPING,GATEWAY_TOKEN_RESOLUTION,160.75,,MATCH,READY,receipt_ref_001,
pb001_line004,payment_batch_001,2026-04-26,GB,E_COMMERCE,Portfolio Customer,CU001004,RES 1200001004 INV 100660001004 payment evidence,92.95,6057.85,100660001004,1200001004,,100660001004,PARSED,receipt_ref_001_line004,receipt_ref_001,2026-04-28,E_COMMERCE,Accepted,STANDARD_PAYMENT,GATEWAY_MAPPING,GATEWAY_TOKEN_RESOLUTION,92.95,,MATCH,READY,receipt_ref_001,
pb001_line008,payment_batch_001,2026-04-26,GB,E_COMMERCE,Portfolio Customer,CU001008,RES 1200001008 INV 100660001008 payment evidence,92.95,6057.85,100660001008,1200001008,,100660001008,PARSED,receipt_ref_001_line008,receipt_ref_001,2026-04-28,E_COMMERCE,Accepted,STANDARD_PAYMENT,GATEWAY_MAPPING,GATEWAY_TOKEN_RESOLUTION,92.95,,MATCH,READY,receipt_ref_001,
pb001_line012,payment_batch_001,2026-04-26,GB,E_COMMERCE,Portfolio Customer,CU001012,RES 1200001012 INV 100660001012 payment evidence,92.95,6057.85,100660001012,1200001012,,100660001012,PARSED,receipt_ref_001_line012,receipt_ref_001,2026-04-28,E_COMMERCE,Accepted,STANDARD_PAYMENT,GATEWAY_MAPPING,GATEWAY_TOKEN_RESOLUTION,92.95,,MATCH,READY,receipt_ref_001,
pb001_line016,payment_batch_001,2026-04-26,GB,E_COMMERCE,Portfolio Customer,CU001016,RES 1200001016 INV 100660001016 payment evidence,92.95,6057.85,100660001016,1200001016,,100660001016,PARSED,receipt_ref_002_line003,receipt_ref_002,2026-04-27,E_COMMERCE,Accepted,STANDARD_PAYMENT,GATEWAY_MAPPING,GATEWAY_TOKEN_RESOLUTION,92.95,,MATCH,READY,receipt_ref_002,
pb001_line020,payment_batch_001,2026-04-26,GB,E_COMMERCE,Portfolio Customer,CU001020,RES 1200001020 INV 100660001020 payment evidence,92.95,6057.85,100660001020,1200001020,,100660001020,PARSED,receipt_ref_002_line007,receipt_ref_002,2026-04-27,E_COMMERCE,Accepted,STANDARD_PAYMENT,GATEWAY_MAPPING,GATEWAY_TOKEN_RESOLUTION,92.95,,MATCH,READY,receipt_ref_002,
pb001_line024,payment_batch_001,2026-04-26,GB,E_COMMERCE,Portfolio Customer,CU001024,RES 1200001024 INV 100660001024 payment evidence,92.95,6057.85,100660001024,1200001024,,100660001024,PARSED,receipt_ref_002_line011,receipt_ref_002,2026-04-27,E_COMMERCE,Accepted,STANDARD_PAYMENT,GATEWAY_MAPPING,GATEWAY_TOKEN_RESOLUTION,92.95,,MATCH,READY,receipt_ref_002,
pb001_line009,payment_batch_001,2026-04-26,GB,E_COMMERCE,Portfolio Customer,CU001009,RES 1200001009 INV 100660001009 payment evidence,160.75,6057.85,100660001009,1200001009,,100660001009,PARSED,receipt_ref_001_line009,receipt_ref_001,2026-04-28,E_COMMERCE,Accepted,STANDARD_PAYMENT,GATEWAY_MAPPING,GATEWAY_TOKEN_RESOLUTION,160.75,,MATCH,READY,receipt_ref_001,
pb001_line006,payment_batch_001,2026-04-26,GB,E_COMMERCE,Portfolio Customer,CU001006,RES 1200001006 INV 100660001006 payment evidence,280.35,6057.85,100660001006,1200001006,,100660001006,PARSED,receipt_ref_001_line006,receipt_ref_001,2026-04-28,E_COMMERCE,Accepted,STANDARD_PAYMENT,GATEWAY_MAPPING,GATEWAY_TOKEN_RESOLUTION,280.35,,MATCH,READY,receipt_ref_001,
pb005_line007,payment_batch_005,2026-02-15,ES,CARD_PRESENT,Portfolio Customer,CU001081,RES 1200001081 INV 100660001081 payment evidence,107.95,3370.90,100660001081,1200001081,,100660001081,PARSED,receipt_ref_007_line007,receipt_ref_007,2026-02-15,CARD_PRESENT,Accepted,STANDARD_PAYMENT,ACQUIRER_REFERENCE,INVOICE,107.95,,MATCH,READY,receipt_ref_007,
pb005_line001,payment_batch_005,2026-02-15,ES,CARD_PRESENT,Portfolio Customer,CU001075,RES 1200001075 INV 100660001075 payment evidence,291.35,3370.90,100660001075,1200001075,,100660001075,PARSED,receipt_ref_007_line001,receipt_ref_007,2026-02-15,CARD_PRESENT,Accepted,STANDARD_PAYMENT,ACQUIRER_REFERENCE,INVOICE,291.35,,MATCH,READY,receipt_ref_007,
pb005_line005,payment_batch_005,2026-02-15,ES,CARD_PRESENT,Portfolio Customer,CU001079,RES 1200001079 INV 100660001079 payment evidence,291.35,3370.90,100660001079,1200001079,,100660001079,PARSED,receipt_ref_007_line005,receipt_ref_007,2026-02-15,CARD_PRESENT,Accepted,STANDARD_PAYMENT,ACQUIRER_REFERENCE,INVOICE,291.35,,MATCH,READY,receipt_ref_007,
pb005_line009,payment_batch_005,2026-02-15,ES,CARD_PRESENT,Portfolio Customer,CU001083,RES 1200001083 INV 100660001083 payment evidence,291.35,3370.90,100660001083,1200001083,,100660001083,PARSED,receipt_ref_007_line009,receipt_ref_007,2026-02-15,CARD_PRESENT,Accepted,STANDARD_PAYMENT,ACQUIRER_REFERENCE,INVOICE,291.35,,MATCH,READY,receipt_ref_007,
pb005_line008,payment_batch_005,2026-02-15,ES,CARD_PRESENT,Portfolio Customer,CU001082,RES 1200001082 INV 100660001082 payment evidence,171.75,3370.90,100660001082,1200001082,,100660001082,PARSED,receipt_ref_007_line008,receipt_ref_007,2026-02-15,CARD_PRESENT,Accepted,STANDARD_PAYMENT,ACQUIRER_REFERENCE,INVOICE,171.75,,MATCH,READY,receipt_ref_007,
pb005_line003,payment_batch_005,2026-02-15,ES,CARD_PRESENT,Portfolio Customer,CU001077,RES 1200001077 INV 100660001077 payment evidence,107.95,3370.90,100660001077,1200001077,,100660001077,PARSED,receipt_ref_007_line003,receipt_ref_007,2026-02-15,CARD_PRESENT,Accepted,STANDARD_PAYMENT,ACQUIRER_REFERENCE,INVOICE,107.95,,MATCH,READY,receipt_ref_007,
pb005_line012,payment_batch_005,2026-02-15,ES,CARD_PRESENT,Portfolio Customer,CU001086,RES 1200001086 INV 100660001086 pending receipt evidence,168.75,3370.90,100660001086,1200001086,,100660001086,PARSED,,,,,,,,,,,CHECK,CHECK_QUEUE,CHECK,CHECK
pb005_line013,payment_batch_005,2026-02-15,ES,CARD_PRESENT,Portfolio Customer,CU001087,RES 1200001087 INV 100660001087 pending receipt evidence,288.35,3370.90,100660001087,1200001087,,100660001087,PARSED,,,,,,,,,,,CHECK,CHECK_QUEUE,CHECK,CHECK
pb005_line011,payment_batch_005,2026-02-15,ES,CARD_PRESENT,Portfolio Customer,CU001085,RES 1200001085 INV 100660001085 pending receipt evidence,100.95,3370.90,100660001085,1200001085,,100660001085,PARSED,,,,,,,,,,,CHECK,CHECK_QUEUE,CHECK,CHECK
pb005_line010,payment_batch_005,2026-02-15,ES,CARD_PRESENT,Portfolio Customer,CU001084,RES 1200001084 INV 100660001084 payment evidence,459.80,3370.90,100660001084,1200001084,,100660001084,PARSED,receipt_ref_007_line010,receipt_ref_007,2026-02-15,CARD_PRESENT,Accepted,STANDARD_PAYMENT,ACQUIRER_REFERENCE,INVOICE,459.80,,MATCH,READY,receipt_ref_007,
pb005_line006,payment_batch_005,2026-02-15,ES,CARD_PRESENT,Portfolio Customer,CU001080,RES 1200001080 INV 100660001080 payment evidence,459.80,3370.90,100660001080,1200001080,,100660001080,PARSED,receipt_ref_007_line006,receipt_ref_007,2026-02-15,CARD_PRESENT,Accepted,STANDARD_PAYMENT,ACQUIRER_REFERENCE,INVOICE,459.80,,MATCH,READY,receipt_ref_007,
pb005_line004,payment_batch_005,2026-02-15,ES,CARD_PRESENT,Portfolio Customer,CU001078,RES 1200001078 INV 100660001078 payment evidence,171.75,3370.90,100660001078,1200001078,,100660001078,PARSED,receipt_ref_007_line004,receipt_ref_007,2026-02-15,CARD_PRESENT,Accepted,STANDARD_PAYMENT,ACQUIRER_REFERENCE,INVOICE,171.75,,MATCH,READY,receipt_ref_007,
pb005_line002,payment_batch_005,2026-02-15,ES,CARD_PRESENT,Portfolio Customer,CU001076,RES 1200001076 INV 100660001076 payment evidence,459.80,3370.90,100660001076,1200001076,,100660001076,PARSED,receipt_ref_007_line002,receipt_ref_007,2026-02-15,CARD_PRESENT,Accepted,STANDARD_PAYMENT,ACQUIRER_REFERENCE,INVOICE,459.80,,MATCH,READY,receipt_ref_007,
pb006_line001,payment_batch_006,2026-04-12,DE,E_COMMERCE,Portfolio Customer,CU001088,RES 1200001088 INV 100660001088 payment evidence,143.40,4105.55,100660001088,1200001088,,100660001088,PARSED,receipt_ref_008_line001,receipt_ref_008,2026-04-14,E_COMMERCE,Accepted,STANDARD_PAYMENT,GATEWAY_MAPPING,GATEWAY_TOKEN_RESOLUTION,143.40,,MATCH,READY,receipt_ref_008,
pb006_line005,payment_batch_006,2026-04-12,DE,E_COMMERCE,Portfolio Customer,CU001092,RES 1200001092 INV 100660001092 payment evidence,143.40,4105.55,100660001092,1200001092,,100660001092,PARSED,receipt_ref_008_line005,receipt_ref_008,2026-04-14,E_COMMERCE,Accepted,STANDARD_PAYMENT,GATEWAY_MAPPING,GATEWAY_TOKEN_RESOLUTION,143.40,,MATCH,READY,receipt_ref_008,
pb006_line009,payment_batch_006,2026-04-12,DE,E_COMMERCE,Portfolio Customer,CU001096,RES 1200001096 INV 100660001096 payment evidence,143.40,4105.55,100660001096,1200001096,,100660001096,PARSED,receipt_ref_009_line002,receipt_ref_009,2026-04-13,E_COMMERCE,Accepted,STANDARD_PAYMENT,GATEWAY_MAPPING,GATEWAY_TOKEN_RESOLUTION,143.40,,MATCH,READY,receipt_ref_009,
pb006_line013,payment_batch_006,2026-04-12,DE,E_COMMERCE,Portfolio Customer,CU001100,RES 1200001100 INV 100660001100 payment evidence,143.40,4105.55,100660001100,1200001100,,100660001100,PARSED,receipt_ref_009_line006,receipt_ref_009,2026-04-13,E_COMMERCE,Accepted,STANDARD_PAYMENT,GATEWAY_MAPPING,GATEWAY_TOKEN_RESOLUTION,143.40,,MATCH,READY,receipt_ref_009,
pb006_line002,payment_batch_006,2026-04-12,DE,E_COMMERCE,Portfolio Customer,CU001089,RES 1200001089 INV 100660001089 payment evidence,232.10,4105.55,100660001089,1200001089,,100660001089,PARSED,receipt_ref_008_line002,receipt_ref_008,2026-04-14,E_COMMERCE,Accepted,STANDARD_PAYMENT,GATEWAY_MAPPING,GATEWAY_TOKEN_RESOLUTION,232.10,,MATCH,READY,receipt_ref_008,
pb006_line006,payment_batch_006,2026-04-12,DE,E_COMMERCE,Portfolio Customer,CU001093,RES 1200001093 INV 100660001093 payment evidence,232.10,4105.55,100660001093,1200001093,,100660001093,PARSED,receipt_ref_008_line006,receipt_ref_008,2026-04-14,E_COMMERCE,Accepted,STANDARD_PAYMENT,GATEWAY_MAPPING,GATEWAY_TOKEN_RESOLUTION,232.10,,MATCH,READY,receipt_ref_008,
pb006_line010,payment_batch_006,2026-04-12,DE,E_COMMERCE,Portfolio Customer,CU001097,RES 1200001097 INV 100660001097 payment evidence,232.10,4105.55,100660001097,1200001097,,100660001097,PARSED,receipt_ref_009_line003,receipt_ref_009,2026-04-13,E_COMMERCE,Accepted,STANDARD_PAYMENT,GATEWAY_MAPPING,GATEWAY_TOKEN_RESOLUTION,232.10,,MATCH,READY,receipt_ref_009,
pb006_line014,payment_batch_006,2026-04-12,DE,E_COMMERCE,Portfolio Customer,CU001101,RES 1200001101 INV 100660001101 payment evidence,232.10,4105.55,100660001101,1200001101,,100660001101,PARSED,receipt_ref_009_line007,receipt_ref_009,2026-04-13,E_COMMERCE,Accepted,STANDARD_PAYMENT,GATEWAY_MAPPING,GATEWAY_TOKEN_RESOLUTION,232.10,,MATCH,READY,receipt_ref_009,
pb006_line003,payment_batch_006,2026-04-12,DE,E_COMMERCE,Portfolio Customer,CU001090,RES 1200001090 INV 100660001090 payment evidence,339.60,4105.55,100660001090,1200001090,,100660001090,PARSED,receipt_ref_008_line003,receipt_ref_008,2026-04-14,E_COMMERCE,Accepted,STANDARD_PAYMENT,GATEWAY_MAPPING,GATEWAY_TOKEN_RESOLUTION,339.60,,MATCH,READY,receipt_ref_008,
pb006_line007,payment_batch_006,2026-04-12,DE,E_COMMERCE,Portfolio Customer,CU001094,RES 1200001094 INV 100660001094 payment evidence,339.60,4105.55,100660001094,1200001094,,100660001094,PARSED,receipt_ref_008_line007,receipt_ref_008,2026-04-14,E_COMMERCE,Accepted,STANDARD_PAYMENT,GATEWAY_MAPPING,GATEWAY_TOKEN_RESOLUTION,339.60,,MATCH,READY,receipt_ref_008,
pb006_line011,payment_batch_006,2026-04-12,DE,E_COMMERCE,Portfolio Customer,CU001098,RES 1200001098 INV 100660001098 payment evidence,339.60,4105.55,100660001098,1200001098,,100660001098,PARSED,receipt_ref_009_line004,receipt_ref_009,2026-04-13,E_COMMERCE,Accepted,STANDARD_PAYMENT,GATEWAY_MAPPING,GATEWAY_TOKEN_RESOLUTION,339.60,,MATCH,READY,receipt_ref_009,
pb006_line004,payment_batch_006,2026-04-12,DE,E_COMMERCE,Portfolio Customer,CU001091,RES 1200001091 INV 100660001091 payment evidence,528.25,4105.55,100660001091,1200001091,,100660001091,PARSED,receipt_ref_008_line004,receipt_ref_008,2026-04-14,E_COMMERCE,Accepted,STANDARD_PAYMENT,GATEWAY_MAPPING,GATEWAY_TOKEN_RESOLUTION,528.25,,MATCH,READY,receipt_ref_008,
pb006_line008,payment_batch_006,2026-04-12,DE,E_COMMERCE,Portfolio Customer,CU001095,RES 1200001095 INV 100660001095 payment evidence,528.25,4105.55,100660001095,1200001095,,100660001095,PARSED,receipt_ref_009_line001,receipt_ref_009,2026-04-13,E_COMMERCE,Accepted,STANDARD_PAYMENT,GATEWAY_MAPPING,GATEWAY_TOKEN_RESOLUTION,528.25,,MATCH,READY,receipt_ref_009,
pb006_line012,payment_batch_006,2026-04-12,DE,E_COMMERCE,Portfolio Customer,CU001099,RES 1200001099 INV 100660001099 payment evidence,528.25,4105.55,100660001099,1200001099,,100660001099,PARSED,receipt_ref_009_line005,receipt_ref_009,2026-04-13,E_COMMERCE,Accepted,STANDARD_PAYMENT,GATEWAY_MAPPING,GATEWAY_TOKEN_RESOLUTION,528.25,,MATCH,READY,receipt_ref_009,
pb007_line004,payment_batch_007,2026-05-02,DE,CARD_PRESENT,Portfolio Customer,CU001105,RES 1200001105 INV 100660001105 payment evidence,339.60,2510.70,100660001105,1200001105,,100660001105,PARSED,receipt_ref_010_line004,receipt_ref_010,2026-05-02,CARD_PRESENT,Accepted,STANDARD_PAYMENT,ACQUIRER_REFERENCE,INVOICE,339.60,,MATCH,READY,receipt_ref_010,
pb007_line008,payment_batch_007,2026-05-02,DE,CARD_PRESENT,Portfolio Customer,CU001109,RES 1200001109 INV 100660001109 payment evidence,339.60,2510.70,100660001109,1200001109,,100660001109,PARSED,receipt_ref_010_line008,receipt_ref_010,2026-05-02,CARD_PRESENT,Accepted,STANDARD_PAYMENT,ACQUIRER_REFERENCE,INVOICE,339.60,,MATCH,READY,receipt_ref_010,
pb007_line003,payment_batch_007,2026-05-02,DE,CARD_PRESENT,Portfolio Customer,CU001104,RES 1200001104 INV 100660001104 payment evidence,236.10,2510.70,100660001104,1200001104,,100660001104,PARSED,receipt_ref_010_line003,receipt_ref_010,2026-05-02,CARD_PRESENT,Accepted,STANDARD_PAYMENT,ACQUIRER_REFERENCE,INVOICE,236.10,,MATCH,READY,receipt_ref_010,
pb007_line007,payment_batch_007,2026-05-02,DE,CARD_PRESENT,Portfolio Customer,CU001108,RES 1200001108 INV 100660001108 payment evidence,236.10,2510.70,100660001108,1200001108,,100660001108,PARSED,receipt_ref_010_line007,receipt_ref_010,2026-05-02,CARD_PRESENT,Accepted,STANDARD_PAYMENT,ACQUIRER_REFERENCE,INVOICE,236.10,,MATCH,READY,receipt_ref_010,
pb007_line001,payment_batch_007,2026-05-02,DE,CARD_PRESENT,Portfolio Customer,CU001102,RES 1200001102 INV 100660001102 payment evidence,532.25,2510.70,100660001102,1200001102,,100660001102,PARSED,receipt_ref_010_line001,receipt_ref_010,2026-05-02,CARD_PRESENT,Accepted,STANDARD_PAYMENT,ACQUIRER_REFERENCE,INVOICE,532.25,,MATCH,READY,receipt_ref_010,
pb007_line005,payment_batch_007,2026-05-02,DE,CARD_PRESENT,Portfolio Customer,CU001106,RES 1200001106 INV 100660001106 payment evidence,532.25,2510.70,100660001106,1200001106,,100660001106,PARSED,receipt_ref_010_line005,receipt_ref_010,2026-05-02,CARD_PRESENT,Accepted,STANDARD_PAYMENT,ACQUIRER_REFERENCE,INVOICE,532.25,,MATCH,READY,receipt_ref_010,
pb007_line002,payment_batch_007,2026-05-02,DE,CARD_PRESENT,Portfolio Customer,CU001103,RES 1200001103 INV 100660001103 payment evidence,147.40,2510.70,100660001103,1200001103,,100660001103,PARSED,receipt_ref_010_line002,receipt_ref_010,2026-05-02,CARD_PRESENT,Accepted,STANDARD_PAYMENT,ACQUIRER_REFERENCE,INVOICE,147.40,,MATCH,READY,receipt_ref_010,
pb007_line006,payment_batch_007,2026-05-02,DE,CARD_PRESENT,Portfolio Customer,CU001107,RES 1200001107 INV 100660001107 payment evidence,147.40,2510.70,100660001107,1200001107,,100660001107,PARSED,receipt_ref_010_line006,receipt_ref_010,2026-05-02,CARD_PRESENT,Accepted,STANDARD_PAYMENT,ACQUIRER_REFERENCE,INVOICE,147.40,,MATCH,READY,receipt_ref_010,
pb008_line003,payment_batch_008,2026-03-10,GB,E_COMMERCE,Portfolio Customer,CU001112,RES 1200001112 INV 100660001112 payment evidence,239.10,3205.35,100660001112,1200001112,,100660001112,PARSED,receipt_ref_011_line003,receipt_ref_011,2026-03-11,E_COMMERCE,Accepted,STANDARD_PAYMENT,GATEWAY_MAPPING,GATEWAY_TOKEN_RESOLUTION,239.10,,MATCH,READY,receipt_ref_011,
pb008_line007,payment_batch_008,2026-03-10,GB,E_COMMERCE,Portfolio Customer,CU001116,RES 1200001116 INV 100660001116 payment evidence,239.10,3205.35,100660001116,1200001116,,100660001116,PARSED,receipt_ref_011_line007,receipt_ref_011,2026-03-11,E_COMMERCE,Accepted,STANDARD_PAYMENT,GATEWAY_MAPPING,GATEWAY_TOKEN_RESOLUTION,239.10,,MATCH,READY,receipt_ref_011,
pb008_line004,payment_batch_008,2026-03-10,GB,E_COMMERCE,Portfolio Customer,CU001113,RES 1200001113 INV 100660001113 payment evidence,342.60,3205.35,100660001113,1200001113,,100660001113,PARSED,receipt_ref_011_line004,receipt_ref_011,2026-03-11,E_COMMERCE,Accepted,STANDARD_PAYMENT,GATEWAY_MAPPING,GATEWAY_TOKEN_RESOLUTION,342.60,,MATCH,READY,receipt_ref_011,
pb008_line008,payment_batch_008,2026-03-10,GB,E_COMMERCE,Portfolio Customer,CU001117,RES 1200001117 INV 100660001117 payment evidence,342.60,3205.35,100660001117,1200001117,,100660001117,PARSED,receipt_ref_011_line008,receipt_ref_011,2026-03-11,E_COMMERCE,Accepted,STANDARD_PAYMENT,GATEWAY_MAPPING,GATEWAY_TOKEN_RESOLUTION,342.60,,MATCH,READY,receipt_ref_011,
pb008_line010,payment_batch_008,2026-03-10,GB,E_COMMERCE,Portfolio Customer,CU001119,RES 1200001119 INV 100660001119 pending receipt evidence,140.40,3205.35,100660001119,1200001119,,100660001119,PARSED,,,,,,,,,,,CHECK,CHECK_QUEUE,CHECK,CHECK
pb008_line009,payment_batch_008,2026-03-10,GB,E_COMMERCE,Portfolio Customer,CU001118,RES 1200001118 INV 100660001118 pending receipt evidence,530.25,3205.35,100660001118,1200001118,,100660001118,PARSED,,,,,,,,,,,CHECK,CHECK_QUEUE,CHECK,CHECK
pb008_line001,payment_batch_008,2026-03-10,GB,E_COMMERCE,Portfolio Customer,CU001110,RES 1200001110 INV 100660001110 payment evidence,535.25,3205.35,100660001110,1200001110,,100660001110,PARSED,receipt_ref_011_line001,receipt_ref_011,2026-03-11,E_COMMERCE,Accepted,STANDARD_PAYMENT,GATEWAY_MAPPING,GATEWAY_TOKEN_RESOLUTION,535.25,,MATCH,READY,receipt_ref_011,
pb008_line005,payment_batch_008,2026-03-10,GB,E_COMMERCE,Portfolio Customer,CU001114,RES 1200001114 INV 100660001114 payment evidence,535.25,3205.35,100660001114,1200001114,,100660001114,PARSED,receipt_ref_011_line005,receipt_ref_011,2026-03-11,E_COMMERCE,Accepted,STANDARD_PAYMENT,GATEWAY_MAPPING,GATEWAY_TOKEN_RESOLUTION,535.25,,MATCH,READY,receipt_ref_011,
pb008_line002,payment_batch_008,2026-03-10,GB,E_COMMERCE,Portfolio Customer,CU001111,RES 1200001111 INV 100660001111 payment evidence,150.40,3205.35,100660001111,1200001111,,100660001111,PARSED,receipt_ref_011_line002,receipt_ref_011,2026-03-11,E_COMMERCE,Accepted,STANDARD_PAYMENT,GATEWAY_MAPPING,GATEWAY_TOKEN_RESOLUTION,150.40,,MATCH,READY,receipt_ref_011,
pb008_line006,payment_batch_008,2026-03-10,GB,E_COMMERCE,Portfolio Customer,CU001115,RES 1200001115 INV 100660001115 payment evidence,150.40,3205.35,100660001115,1200001115,,100660001115,PARSED,receipt_ref_011_line006,receipt_ref_011,2026-03-11,E_COMMERCE,Accepted,STANDARD_PAYMENT,GATEWAY_MAPPING,GATEWAY_TOKEN_RESOLUTION,150.40,,MATCH,READY,receipt_ref_011,
pb002_line021,payment_batch_002,2026-04-25,GB,E_COMMERCE,Portfolio Customer,CU001046,RES 1200001046 INV 100660001046 pending receipt evidence,217.10,6515.45,100660001046,1200001046,,100660001046,PARSED,,,,,,,,,,,CHECK,CHECK_QUEUE,CHECK,CHECK
pb002_line020,payment_batch_002,2026-04-25,GB,E_COMMERCE,Portfolio Customer,CU001045,RES 1200001045 INV 100660001045 pending receipt evidence,128.40,6515.45,100660001045,1200001045,,100660001045,PARSED,,,,,,,,,,,CHECK,CHECK_QUEUE,CHECK,CHECK
pb002_line001,payment_batch_002,2026-04-25,GB,E_COMMERCE,Portfolio Customer,CU001026,RES 1200001026 INV 100660001026 payment evidence,219.10,6515.45,100660001026,1200001026,,100660001026,PARSED,receipt_ref_002_line013,receipt_ref_002,2026-04-27,E_COMMERCE,Accepted,STANDARD_PAYMENT,GATEWAY_MAPPING,GATEWAY_TOKEN_RESOLUTION,219.10,,MATCH,READY,receipt_ref_002,
pb002_line005,payment_batch_002,2026-04-25,GB,E_COMMERCE,Portfolio Customer,CU001030,RES 1200001030 INV 100660001030 payment evidence,219.10,6515.45,100660001030,1200001030,,100660001030,PARSED,receipt_ref_002_line017,receipt_ref_002,2026-04-27,E_COMMERCE,Accepted,STANDARD_PAYMENT,GATEWAY_MAPPING,GATEWAY_TOKEN_RESOLUTION,219.10,,MATCH,READY,receipt_ref_002,
pb002_line009,payment_batch_002,2026-04-25,GB,E_COMMERCE,Portfolio Customer,CU001034,RES 1200001034 INV 100660001034 payment evidence,219.10,6515.45,100660001034,1200001034,,100660001034,PARSED,receipt_ref_003_line003,receipt_ref_003,2026-04-25,E_COMMERCE,Accepted,STANDARD_PAYMENT,GATEWAY_MAPPING,GATEWAY_TOKEN_RESOLUTION,219.10,,MATCH,READY,receipt_ref_003,
pb002_line013,payment_batch_002,2026-04-25,GB,E_COMMERCE,Portfolio Customer,CU001038,RES 1200001038 INV 100660001038 payment evidence,219.10,6515.45,100660001038,1200001038,,100660001038,PARSED,receipt_ref_003_line007,receipt_ref_003,2026-04-25,E_COMMERCE,Accepted,STANDARD_PAYMENT,GATEWAY_MAPPING,GATEWAY_TOKEN_RESOLUTION,219.10,,MATCH,READY,receipt_ref_003,
pb002_line017,payment_batch_002,2026-04-25,GB,E_COMMERCE,Portfolio Customer,CU001042,RES 1200001042 INV 100660001042 payment evidence,219.10,6515.45,100660001042,1200001042,,100660001042,PARSED,receipt_ref_003_line011,receipt_ref_003,2026-04-25,E_COMMERCE,Accepted,STANDARD_PAYMENT,GATEWAY_MAPPING,GATEWAY_TOKEN_RESOLUTION,219.10,,MATCH,READY,receipt_ref_003,
pb002_line019,payment_batch_002,2026-04-25,GB,E_COMMERCE,Portfolio Customer,CU001044,RES 1200001044 INV 100660001044 pending receipt evidence,518.25,6515.45,100660001044,1200001044,,100660001044,PARSED,,,,,,,,,,,CHECK,CHECK_QUEUE,CHECK,CHECK
pb002_line004,payment_batch_002,2026-04-25,GB,E_COMMERCE,Portfolio Customer,CU001029,RES 1200001029 INV 100660001029 payment evidence,130.40,6515.45,100660001029,1200001029,,100660001029,PARSED,receipt_ref_002_line016,receipt_ref_002,2026-04-27,E_COMMERCE,Accepted,STANDARD_PAYMENT,GATEWAY_MAPPING,GATEWAY_TOKEN_RESOLUTION,130.40,,MATCH,READY,receipt_ref_002,
pb002_line008,payment_batch_002,2026-04-25,GB,E_COMMERCE,Portfolio Customer,CU001033,RES 1200001033 INV 100660001033 payment evidence,130.40,6515.45,100660001033,1200001033,,100660001033,PARSED,receipt_ref_003_line002,receipt_ref_003,2026-04-25,E_COMMERCE,Accepted,STANDARD_PAYMENT,GATEWAY_MAPPING,GATEWAY_TOKEN_RESOLUTION,130.40,,MATCH,READY,receipt_ref_003,
pb002_line012,payment_batch_002,2026-04-25,GB,E_COMMERCE,Portfolio Customer,CU001037,RES 1200001037 INV 100660001037 payment evidence,130.40,6515.45,100660001037,1200001037,,100660001037,PARSED,receipt_ref_003_line006,receipt_ref_003,2026-04-25,E_COMMERCE,Accepted,STANDARD_PAYMENT,GATEWAY_MAPPING,GATEWAY_TOKEN_RESOLUTION,130.40,,MATCH,READY,receipt_ref_003,
pb002_line016,payment_batch_002,2026-04-25,GB,E_COMMERCE,Portfolio Customer,CU001041,RES 1200001041 INV 100660001041 payment evidence,130.40,6515.45,100660001041,1200001041,,100660001041,PARSED,receipt_ref_003_line010,receipt_ref_003,2026-04-25,E_COMMERCE,Accepted,STANDARD_PAYMENT,GATEWAY_MAPPING,GATEWAY_TOKEN_RESOLUTION,130.40,,MATCH,READY,receipt_ref_003,
pb002_line003,payment_batch_002,2026-04-25,GB,E_COMMERCE,Portfolio Customer,CU001028,RES 1200001028 INV 100660001028 payment evidence,519.25,6515.45,100660001028,1200001028,,100660001028,PARSED,receipt_ref_002_line015,receipt_ref_002,2026-04-27,E_COMMERCE,Accepted,STANDARD_PAYMENT,GATEWAY_MAPPING,GATEWAY_TOKEN_RESOLUTION,519.25,,MATCH,READY,receipt_ref_002,
pb002_line007,payment_batch_002,2026-04-25,GB,E_COMMERCE,Portfolio Customer,CU001032,RES 1200001032 INV 100660001032 payment evidence,519.25,6515.45,100660001032,1200001032,,100660001032,PARSED,receipt_ref_003_line001,receipt_ref_003,2026-04-25,E_COMMERCE,Accepted,STANDARD_PAYMENT,GATEWAY_MAPPING,GATEWAY_TOKEN_RESOLUTION,519.25,,MATCH,READY,receipt_ref_003,
pb002_line011,payment_batch_002,2026-04-25,GB,E_COMMERCE,Portfolio Customer,CU001036,RES 1200001036 INV 100660001036 payment evidence,519.25,6515.45,100660001036,1200001036,,100660001036,PARSED,receipt_ref_003_line005,receipt_ref_003,2026-04-25,E_COMMERCE,Accepted,STANDARD_PAYMENT,GATEWAY_MAPPING,GATEWAY_TOKEN_RESOLUTION,519.25,,MATCH,READY,receipt_ref_003,
pb002_line015,payment_batch_002,2026-04-25,GB,E_COMMERCE,Portfolio Customer,CU001040,RES 1200001040 INV 100660001040 payment evidence,519.25,6515.45,100660001040,1200001040,,100660001040,PARSED,receipt_ref_003_line009,receipt_ref_003,2026-04-25,E_COMMERCE,Accepted,STANDARD_PAYMENT,GATEWAY_MAPPING,GATEWAY_TOKEN_RESOLUTION,519.25,,MATCH,READY,receipt_ref_003,
pb002_line002,payment_batch_002,2026-04-25,GB,E_COMMERCE,Portfolio Customer,CU001027,RES 1200001027 INV 100660001027 payment evidence,326.60,6515.45,100660001027,1200001027,,100660001027,PARSED,receipt_ref_002_line014,receipt_ref_002,2026-04-27,E_COMMERCE,Accepted,STANDARD_PAYMENT,GATEWAY_MAPPING,GATEWAY_TOKEN_RESOLUTION,326.60,,MATCH,READY,receipt_ref_002,
pb002_line006,payment_batch_002,2026-04-25,GB,E_COMMERCE,Portfolio Customer,CU001031,RES 1200001031 INV 100660001031 payment evidence,326.60,6515.45,100660001031,1200001031,,100660001031,PARSED,receipt_ref_002_line018,receipt_ref_002,2026-04-27,E_COMMERCE,Accepted,STANDARD_PAYMENT,GATEWAY_MAPPING,GATEWAY_TOKEN_RESOLUTION,326.60,,MATCH,READY,receipt_ref_002,
pb002_line010,payment_batch_002,2026-04-25,GB,E_COMMERCE,Portfolio Customer,CU001035,RES 1200001035 INV 100660001035 payment evidence,326.60,6515.45,100660001035,1200001035,,100660001035,PARSED,receipt_ref_003_line004,receipt_ref_003,2026-04-25,E_COMMERCE,Accepted,STANDARD_PAYMENT,GATEWAY_MAPPING,GATEWAY_TOKEN_RESOLUTION,326.60,,MATCH,READY,receipt_ref_003,
pb002_line014,payment_batch_002,2026-04-25,GB,E_COMMERCE,Portfolio Customer,CU001039,RES 1200001039 INV 100660001039 payment evidence,326.60,6515.45,100660001039,1200001039,,100660001039,PARSED,receipt_ref_003_line008,receipt_ref_003,2026-04-25,E_COMMERCE,Accepted,STANDARD_PAYMENT,GATEWAY_MAPPING,GATEWAY_TOKEN_RESOLUTION,326.60,,MATCH,READY,receipt_ref_003,
pb002_line018,payment_batch_002,2026-04-25,GB,E_COMMERCE,Portfolio Customer,CU001043,RES 1200001043 INV 100660001043 payment evidence,326.60,6515.45,100660001043,1200001043,,100660001043,PARSED,receipt_ref_003_line012,receipt_ref_003,2026-04-25,E_COMMERCE,Accepted,STANDARD_PAYMENT,GATEWAY_MAPPING,GATEWAY_TOKEN_RESOLUTION,326.60,,MATCH,READY,receipt_ref_003,
pb002_line022,payment_batch_002,2026-04-25,GB,E_COMMERCE,Portfolio Customer,CU001047,RES 1200001047 INV 100660001047 pending receipt evidence,324.60,6515.45,100660001047,1200001047,,100660001047,PARSED,,,,,,,,,,,CHECK,CHECK_QUEUE,CHECK,CHECK
